TransactionID,CustomerID,ProductID,Date,Quantity,Discount,Total_Amount
10001,CUST-011,PROD-017,2023-01-01 00:00:00,1,0.1,$362.94
10002,CUST-032,PROD-004,2023-01-01 01:00:00,-5,0.05,-856.62
10003,CUST-091,PROD-017,2023-01-01 02:00:00,7,0.05,Check_Receipt
10004,CUST-008,PROD-006,2023-01-01 03:00:00,1,0.0,148.0
10005,CUST-003,PROD-011,2023-01-01 04:00:00,-5,0.1,-1507.68 EUR
10006,CUST-045,PROD-004,2023-01-01 05:00:00,5,0.05,856.62
10007,CUST-078,PROD-018,2023-01-01 06:00:00,1,0.1,57.32
10008,CUST-017,PROD-017,2023-01-01 07:00:00,3,0.1,1088.83
10009,CUST-006,PROD-004,2023-01-01 08:00:00,4,0.2,577.09
10010,CUST-099,PROD-006,2023-01-01 09:00:00,3,0.1,399.6
10011,CUST-085,PROD-004,2023-01-01 10:00:00,8,0.1,1298.45
10012,CUST-090,PROD-008,2023-01-01 11:00:00,9,0.1,3518.32
10013,CUST-079,PROD-014,2023-01-01 12:00:00,7,0.0,2284.59
10014,CUST-020,PROD-013,2023-01-01 13:00:00,9,0.05,2807.14
10015,CUST-020,PROD-011,2023-01-01 14:00:00,2,0.05,636.58
10016,CUST-004,PROD-013,2023-01-01 15:00:00,4,0.0,1313.28 EUR
10017,CUST-048,PROD-017,2023-01-01 16:00:00,8,0.1,2903.54
10018,CUST-063,PROD-008,2023-01-01 17:00:00,2,0.1,$781.85
10019,CUST-084,PROD-020,2023-01-01 18:00:00,4,0.05,1620.89
10020,CUST-050,PROD-015,2023-01-01 19:00:00,2,0.1,627.62
10021,CUST-087,PROD-017,Invalid_Date,6,0.0,$2419.62
10022,CUST-060,PROD-015,2023-01-01 21:00:00,4,0.2,$1115.78
10023,CUST-059,PROD-009,2023-01-01 22:00:00,2,0.0,549.58
10024,CUST-085,PROD-020,2023-01-01 23:00:00,9,0.2,3071.16
10025,CUST-075,PROD-014,2023-01-02 00:00:00,7,0.2,1827.67
10026,CUST-008,PROD-004,2023-01-02 01:00:00,3,0.1,486.92
10027,CUST-061,PROD-007,2023-01-02 02:00:00,2,0.1,384.23 EUR
10028,CUST-020,PROD-001,2023-01-02 03:00:00,8,0.2,1640.51
10029,CUST-051,PROD-014,2023-01-02 04:00:00,5,0.05,1550.26
10030,CUST-067,PROD-015,2023-01-02 05:00:00,3,0.2,836.83
10031,CUST-041,PROD-019,2023-01-02 06:00:00,2,0.1,569.43
10032,CUST-004,PROD-012,2023-01-02 07:00:00,2,0.1,225.74
10033,CUST-079,PROD-007,2023-01-02 08:00:00,3,0.1,576.34
10034,CUST-020,PROD-012,2023-01-02 09:00:00,1,0.2,100.33
10035,CUST-018,PROD-014,2023-01-02 10:00:00,6,0.05,1860.31
10036,CUST-071,PROD-012,2023-01-02 11:00:00,2,0.05,238.28 EUR
10037,CUST-034,PROD-007,2023-01-02 12:00:00,7,0.2,1195.38
10038,CUST-015,PROD-006,2023-01-02 13:00:00,8,0.05,1124.8
10039,CUST-053,PROD-018,2023-01-02 14:00:00,9,0.0,573.21
10040,CUST-030,PROD-003,Invalid_Date,7,0.1,$498.52
10041,CUST-089,PROD-007,2023-01-02 16:00:00,4,0.2,$683.07
10042,CUST-049,PROD-010 ,2023-01-02 17:00:00,2,0.2,
10043,CUST-085,PROD-005,2023-01-02 18:00:00,8,0.2,1863.3
10044,CUST-018,PROD-008,2023-01-02 19:00:00,8,0.2,2779.9
10045,CUST-060,PROD-017,2023-01-02 20:00:00,8,0.1,2903.54
10046,CUST-050,PROD-019,2023-01-02 21:00:00,7,0.0,2214.45
10047,CUST-008,PROD-002,2023-01-02 22:00:00,3,0.1,1183.38 EUR
10048,CUST-008,PROD-003,2023-01-02 23:00:00,4,0.0,316.52
10049,CUST-048,PROD-002,2023-01-03 00:00:00,4,0.2,1402.53
10050,CUST-081,PROD-005,2023-01-03 01:00:00,9,0.05,2489.25
10051,CUST-001,PROD-010,2023-01-03 02:00:00,9,0.2,1570.75
10052,CUST-019,PROD-012,2023-01-03 03:00:00,5,0.2,501.64
10053,CUST-022,PROD-004,2023-01-03 04:00:00,1,0.0,180.34
10054,CUST-067,PROD-012,2023-01-03 05:00:00,4,0.1,451.48
10055,CUST-018,PROD-004 ,2023-01-03 06:00:00,5,0.0,
10056,CUST-063,PROD-015,2023-01-03 07:00:00,5,0.2,1394.72
10057,CUST-098,PROD-002,2023-01-03 08:00:00,4,0.2,1402.53
10058,CUST-042,PROD-004,2023-01-03 09:00:00,5,0.2,Check_Receipt
10059,CUST-008,PROD-002,2023-01-03 10:00:00,2,0.0,$876.58
10060,CUST-088,PROD-018,2023-01-03 11:00:00,1,0.0,Check_Receipt
10061,CUST-027,PROD-015,2023-01-03 12:00:00,9,0.05,2981.21 EUR
10062,CUST-084,PROD-018,2023-01-03 13:00:00,8,0.05,484.04
10063,CUST-025,PROD-005,2023-01-03 14:00:00,5,0.05,1382.91
10064,CUST-067,PROD-020,2023-01-03 15:00:00,9,0.1,3455.06
10065,CUST-999,PROD-012,2023-01-03 16:00:00,9,0.1,Check_Receipt
10066,CUST-064,PROD-010 ,Invalid_Date,6,0.1,
10067,CUST-044,PROD-017,2023-01-03 18:00:00,8,0.05,3064.85
10068,CUST-024,PROD-018,2023-01-03 19:00:00,7,0.1,$401.25
10069,CUST-034,PROD-008,2023-01-03 20:00:00,6,0.0,2606.16
10070,CUST-063,PROD-006,2023-01-03 21:00:00,3,0.05,421.8
10071,CUST-043,PROD-014,2023-01-03 22:00:00,9,0.0,2937.33
10072,CUST-050,PROD-001,2023-01-03 23:00:00,7,0.05,$1704.59
10073,CUST-070,PROD-001,2023-01-04 00:00:00,2,0.05,487.03
10074,CUST-038,PROD-002,2023-01-04 01:00:00,8,0.0,3506.32
10075,CUST-030,PROD-018,2023-01-04 02:00:00,6,0.2,305.71
10076,CUST-043,PROD-008 ,2023-01-04 03:00:00,8,0.2,
10077,CUST-094,PROD-012,2023-01-04 04:00:00,9,0.05,1072.26
10078,CUST-005,PROD-017,2023-01-04 05:00:00,9,0.0,3629.43 EUR
10079,CUST-041,PROD-007,2023-01-04 06:00:00,5,0.05,1013.94
10080,CUST-097,PROD-020,2023-01-04 07:00:00,-7,0.0,-2985.85
10081,CUST-042,PROD-012,2023-01-04 08:00:00,9,0.0,1128.69
10082,CUST-003,PROD-005,2023-01-04 09:00:00,8,0.0,2329.12
10083,CUST-096,PROD-011,2023-01-04 10:00:00,4,0.0,1340.16 EUR
10084,CUST-019,PROD-005,2023-01-04 11:00:00,8,0.05,2212.66 EUR
10085,CUST-024,PROD-016,2023-01-04 12:00:00,5,0.0,2324.9
10086,CUST-027,PROD-011,2023-01-04 13:00:00,9,0.2,2412.29 EUR
10087,CUST-042,PROD-015,2023-01-04 14:00:00,2,0.2,557.89
10088,CUST-083,PROD-013,2023-01-04 15:00:00,2,0.1,590.98
10089,CUST-045,PROD-013 ,2023-01-04 16:00:00,7,0.05,
10090,CUST-065,PROD-011,2023-01-04 17:00:00,2,0.0,670.08
10091,CUST-001,PROD-013,2023-01-04 18:00:00,9,0.0,2954.88
10092,CUST-078,PROD-008,2023-01-04 19:00:00,3,0.1,1172.77
10093,CUST-036,PROD-001,2023-01-04 20:00:00,1,0.05,$243.51
10094,CUST-023,PROD-010,2023-01-04 21:00:00,2,0.1,392.69
10095,CUST-040,PROD-002,2023-01-04 22:00:00,4,0.1,1577.84
10096,CUST-023,PROD-009,2023-01-04 23:00:00,7,0.0,1923.53 EUR
10097,CUST-055,PROD-005,2023-01-05 00:00:00,2,0.2,465.82
10098,CUST-082,PROD-014,2023-01-05 01:00:00,9,0.0,2937.33
10099,CUST-044,PROD-017,,8,0.1,$2903.54 EUR
10100,CUST-100,PROD-003,2023-01-05 03:00:00,-4,0.2,-253.22
10101,CUST-041,PROD-020,2033-01-02 04:00:00,4,0.05,1620.89 EUR
10102,CUST-050,PROD-001,2023-01-05 05:00:00,3,0.05,730.54
10103,CUST-023,PROD-002,2023-01-05 06:00:00,1,0.2,$350.63
10104,CUST-051,PROD-006,2023-01-05 07:00:00,7,0.1,932.4 EUR
10105,CUST-091,PROD-008,2023-01-05 08:00:00,2,0.1,781.85
10106,CUST-001,PROD-019,2023-01-05 09:00:00,8,0.05,2404.26
10107,CUST-020,PROD-003,2023-01-05 10:00:00,8,0.2,506.43
10108,CUST-036,PROD-006,2023-01-05 11:00:00,3,0.0,$444.0
10109,CUST-099,PROD-006,2023-01-05 12:00:00,8,0.2,947.2
10110,CUST-079,PROD-006,2023-01-05 13:00:00,4,0.0,592.0
10111,CUST-034,PROD-018,2023-01-05 14:00:00,7,0.1,$401.25 EUR
10112,CUST-015,PROD-013,2023-01-05 15:00:00,4,0.05,1247.62
10113,CUST-014,PROD-016,2023-01-05 16:00:00,2,0.2,743.97 EUR
10114,CUST-020,PROD-016,2023-01-05 17:00:00,8,0.1,3347.86
10115,CUST-034,PROD-015,2023-01-05 18:00:00,5,0.1,1569.06
10116,CUST-038,PROD-019,2023-01-05 19:00:00,4,0.05,1202.13
10117,CUST-067,PROD-006,2023-01-05 20:00:00,7,0.05,984.2
10118,CUST-053,PROD-001 ,2023-01-05 21:00:00,2,0.2,
10119,CUST-099,PROD-007,2023-01-05 22:00:00,8,0.0,$1707.68 EUR
10120,CUST-054,PROD-020,2023-01-05 23:00:00,1,0.2,341.24
10121,CUST-018,PROD-001,2023-01-06 00:00:00,6,0.1,1384.18
10122,CUST-043,PROD-013,2023-01-06 01:00:00,2,0.1,Check_Receipt
10123,CUST-085,PROD-009,2023-01-06 02:00:00,1,0.05,261.05
10124,CUST-038,PROD-020,2023-01-06 03:00:00,8,0.05,3241.78
10125,CUST-018,PROD-009,2023-01-06 04:00:00,8,0.05,2088.4
10126,CUST-071,PROD-004,2023-01-06 05:00:00,5,0.05,856.62
10127,CUST-059,PROD-013,2023-01-06 06:00:00,5,0.0,$1641.6
10128,CUST-075,PROD-013,2023-01-06 07:00:00,2,0.1,590.98
10129,CUST-068,PROD-004,2023-01-06 08:00:00,3,0.2,432.82
10130,CUST-004,PROD-001,2023-01-06 09:00:00,2,0.2,410.13
10131,CUST-011,PROD-003,2023-01-06 10:00:00,9,0.2,569.74
10132,CUST-063,PROD-004,2023-01-06 11:00:00,6,0.1,973.84
10133,CUST-082,PROD-008,2023-01-06 12:00:00,9,0.2,3127.39 EUR
10134,CUST-009,PROD-019,2023-01-06 13:00:00,9,0.05,2704.79
10135,CUST-076,PROD-011,2023-01-06 14:00:00,5,0.1,$1507.68
10136,CUST-061,PROD-007,2023-01-06 15:00:00,7,0.2,1195.38
10137,CUST-096,PROD-013,2023-01-06 16:00:00,7,0.0,2298.24
10138,CUST-011,PROD-005,2023-01-06 17:00:00,4,0.0,1164.56
10139,CUST-025,PROD-006,2023-01-06 18:00:00,2,0.0,$296.0
10140,CUST-084,PROD-014,2023-01-06 19:00:00,0,0.0,0.0
10141,CUST-072,PROD-002,2023-01-06 20:00:00,5,0.1,1972.31
10142,CUST-051,PROD-004,2023-01-06 21:00:00,9,0.0,1623.06
10143,CUST-084,PROD-014,2023-01-06 22:00:00,8,0.05,2480.41
10144,CUST-043,PROD-016,2023-01-06 23:00:00,7,0.05,$3092.12
10145,CUST-053,PROD-002,2023-01-07 00:00:00,8,0.2,$2805.06
10146,CUST-061,PROD-014,2023-01-07 01:00:00,6,0.2,$1566.58
10147,CUST-077,PROD-001,2023-01-07 02:00:00,8,0.1,1845.58
10148,CUST-037,PROD-019,2023-01-07 03:00:00,9,0.1,$2562.44
10149,CUST-024,PROD-013,2023-01-07 04:00:00,8,0.1,2363.9
10150,CUST-093,PROD-009,2023-01-07 05:00:00,7,0.0,1923.53
10151,CUST-013,PROD-018,2023-01-07 06:00:00,9,0.05,544.55
10152,CUST-023,PROD-016,2033-01-04 07:00:00,3,0.2,1115.95
10153,CUST-091,PROD-007,2023-01-07 08:00:00,4,0.05,811.15
10154,CUST-999,PROD-006,2023-01-07 09:00:00,5,0.05,703.0
10155,CUST-064,PROD-013,2023-01-07 10:00:00,5,0.05,1559.52
10156,CUST-002,PROD-009,2023-01-07 11:00:00,9,0.0,2473.11
10157,CUST-033,PROD-004,2023-01-07 12:00:00,9,0.1,1460.75
10158,CUST-063,PROD-013,2023-01-07 13:00:00,1,0.05,$311.9 EUR
10159,CUST-079,PROD-017,2023-01-07 14:00:00,3,0.2,967.85
10160,CUST-071,PROD-012,2023-01-07 15:00:00,1,0.0,125.41
10161,CUST-068,PROD-009,2023-01-07 16:00:00,3,0.1,741.93
10162,CUST-018,PROD-007,2023-01-07 17:00:00,6,0.2,$1024.61
10163,CUST-048,PROD-010,2023-01-07 18:00:00,4,0.2,698.11
10164,CUST-019,PROD-017,2023-01-07 19:00:00,5,0.0,$2016.35
10165,CUST-076,PROD-014,2023-01-07 20:00:00,5,0.1,$1468.66
10166,CUST-060,PROD-005,2023-01-07 21:00:00,9,0.05,2489.25
10167,CUST-007,PROD-011,2023-01-07 22:00:00,6,0.1,1809.22
10168,CUST-098,PROD-019,2023-01-07 23:00:00,9,0.0,2847.15
10169,CUST-098,PROD-002,2023-01-08 00:00:00,4,0.2,1402.53
10170,CUST-001,PROD-014,2023-01-08 01:00:00,5,0.2,1305.48
10171,CUST-026,PROD-012,2023-01-08 02:00:00,3,0.2,300.98
10172,CUST-051,PROD-019,2023-01-08 03:00:00,3,0.2,759.24
10173,CUST-072,PROD-010,2023-01-08 04:00:00,5,0.2,872.64
10174,CUST-073,PROD-007,2023-01-08 05:00:00,6,0.0,$1280.76
10175,CUST-055,PROD-011,2023-01-08 06:00:00,7,0.2,1876.22
10176,CUST-044,PROD-004,2023-01-08 07:00:00,1,0.0,180.34
10177,CUST-038,PROD-001,2023-01-08 08:00:00,1,0.0,256.33
10178,CUST-097,PROD-011,2023-01-08 09:00:00,6,0.2,1608.19
10179,CUST-034,PROD-001,2023-01-08 10:00:00,8,0.1,1845.58
10180,CUST-086,PROD-015,2023-01-08 11:00:00,9,0.2,2510.5
10181,CUST-001,PROD-020,2023-01-08 12:00:00,-1,0.05,-405.22
10182,CUST-098,PROD-011,2023-01-08 13:00:00,1,0.0,$335.04
10183,CUST-054,PROD-008,2023-01-08 14:00:00,2,0.1,781.85
10184,CUST-045,PROD-011,2023-01-08 15:00:00,6,0.1,1809.22
10185,CUST-028,PROD-008,2023-01-08 16:00:00,0,0.0,0.0
10186,CUST-036,PROD-007,2023-01-08 17:00:00,9,0.05,1825.08
10187,CUST-054,PROD-001,2023-01-08 18:00:00,3,0.2,615.19
10188,CUST-041,PROD-013,2023-01-08 19:00:00,6,0.1,1772.93 EUR
10189,CUST-040,PROD-019,2023-01-08 20:00:00,7,0.05,$2103.73
10190,CUST-058,PROD-020,2023-01-08 21:00:00,8,0.0,3412.4 EUR
10191,CUST-082,PROD-001,2023-01-08 22:00:00,2,0.2,$410.13
10192,CUST-065,PROD-020,2023-01-08 23:00:00,5,0.0,2132.75 EUR
10193,CUST-046,PROD-006,2023-01-09 00:00:00,6,0.1,799.2
10194,CUST-012,PROD-016,2023-01-09 01:00:00,3,0.05,1325.19
10195,CUST-091,PROD-013,2023-01-09 02:00:00,5,0.1,1477.44
10196,CUST-072,PROD-010,2023-01-09 03:00:00,3,0.0,654.48
10197,CUST-009,PROD-002,2023-01-09 04:00:00,1,0.05,416.38 EUR
10198,CUST-058,PROD-002,2033-01-06 05:00:00,5,0.05,2081.88
10199,CUST-047,PROD-013,2023-01-09 06:00:00,3,0.2,787.97
10200,CUST-031,PROD-001,2023-01-09 07:00:00,9,0.0,2306.97
10201,CUST-002,PROD-012,2023-01-09 08:00:00,6,0.1,677.21
10202,CUST-033,PROD-002,2023-01-09 09:00:00,1,0.2,$350.63
10203,CUST-999,PROD-013,2023-01-09 10:00:00,5,0.1,$1477.44
10204,CUST-096,PROD-011,2023-01-09 11:00:00,4,0.1,1206.14
10205,CUST-030,PROD-002,2023-01-09 12:00:00,2,0.05,$832.75
10206,CUST-006,PROD-018,2023-01-09 13:00:00,3,0.1,171.96
10207,CUST-038,PROD-017,2023-01-09 14:00:00,8,0.05,3064.85
10208,CUST-073,PROD-009,2023-01-09 15:00:00,7,0.1,1731.18
10209,CUST-038,PROD-012,2023-01-09 16:00:00,1000,0.2,100328.0
10210,CUST-003,PROD-004,2023-01-09 17:00:00,0,0.1,0.0
10211,CUST-082,PROD-004,2023-01-09 18:00:00,4,0.1,649.22
10212,CUST-029,PROD-015,2023-01-09 19:00:00,6,0.05,1987.48
10213,CUST-023,PROD-009,2023-01-09 20:00:00,6,0.05,1566.3
10214,CUST-037,PROD-017,2023-01-09 21:00:00,7,0.2,2258.31
10215,CUST-041,PROD-017,2023-01-09 22:00:00,1,0.0,403.27
10216,CUST-028,PROD-005,2023-01-09 23:00:00,3,0.1,786.08
10217,CUST-024,PROD-005,2023-01-10 00:00:00,1,0.2,$232.91
10218,CUST-024,PROD-006,2023-01-10 01:00:00,5,0.05,703.0
10219,CUST-073,PROD-010,2023-01-10 02:00:00,9,0.05,1865.27
10220,CUST-039,PROD-003,2023-01-10 03:00:00,9,0.0,712.17
10221,CUST-087,PROD-001,2023-01-10 04:00:00,2,0.0,$512.66
10222,CUST-021,PROD-001,2023-01-10 05:00:00,5,0.05,1217.57
10223,CUST-061,PROD-018,2023-01-10 06:00:00,8,0.0,509.52
10224,CUST-070,PROD-014,2023-01-10 07:00:00,8,0.1,2349.86
10225,CUST-026,PROD-017,2023-01-10 08:00:00,8,0.0,3226.16
10226,CUST-074,PROD-007,2023-01-10 09:00:00,2,0.2,341.54
10227,CUST-072,PROD-005,2023-01-10 10:00:00,6,0.2,1397.47
10228,CUST-040,PROD-001,Invalid_Date,7,0.1,1614.88
10229,CUST-046,PROD-012,2023-01-10 12:00:00,7,0.05,833.98
10230,CUST-069,PROD-011,2023-01-10 13:00:00,8,0.0,$2680.32 EUR
10231,CUST-051,PROD-020,2023-01-10 14:00:00,9,0.1,Check_Receipt
10232,CUST-021,PROD-011,2023-01-10 15:00:00,7,0.05,2228.02
10233,CUST-060,PROD-015,2023-01-10 16:00:00,1,0.2,278.94
10234,CUST-037,PROD-017,2023-01-10 17:00:00,6,0.0,$2419.62
10235,CUST-074,PROD-011,2023-01-10 18:00:00,9,0.2,2412.29
10236,CUST-014,PROD-008,2023-01-10 19:00:00,8,0.0,3474.88
10237,CUST-045,PROD-016,2023-01-10 20:00:00,-3,0.05,-1325.19 EUR
10238,CUST-024,PROD-013,2023-01-10 21:00:00,1,0.0,328.32
10239,CUST-022,PROD-004,2023-01-10 22:00:00,9,0.0,Check_Receipt
10240,CUST-062,PROD-017,2023-01-10 23:00:00,6,0.1,2177.66
10241,CUST-065,PROD-003,2023-01-11 00:00:00,9,0.1,640.95
10242,CUST-025,PROD-006,2023-01-11 01:00:00,6,0.0,888.0
10243,CUST-092,PROD-007,2023-01-11 02:00:00,7,0.05,1419.51
10244,CUST-059,PROD-004,2023-01-11 03:00:00,2,0.0,360.68 EUR
10245,CUST-043,PROD-013,2023-01-11 04:00:00,1,0.05,311.9
10246,CUST-005,PROD-015,2023-01-11 05:00:00,4,0.0,$1394.72
10247,CUST-039,PROD-020,2023-01-11 06:00:00,4,0.0,1706.2
10248,CUST-065,PROD-014,2023-01-11 07:00:00,3,0.1,$881.2
10249,CUST-089,PROD-012,2023-01-11 08:00:00,6,0.1,677.21
10250,CUST-099,PROD-020,2023-01-11 09:00:00,2,0.05,810.44
10251,CUST-084,PROD-002,2023-01-11 10:00:00,2,0.0,876.58
10252,CUST-041,PROD-008,2023-01-11 11:00:00,7,0.2,Check_Receipt
10253,CUST-066,PROD-011,2023-01-11 12:00:00,7,0.2,1876.22
10254,CUST-031,PROD-010,2023-01-11 13:00:00,1,0.0,$218.16
10255,CUST-036,PROD-008,2023-01-11 14:00:00,3,0.1,$1172.77
10256,CUST-082,PROD-012,2023-01-11 15:00:00,3,0.1,338.61
10257,CUST-030,PROD-007,2023-01-11 16:00:00,5,0.2,853.84
10258,CUST-045,PROD-016,2023-01-11 17:00:00,8,0.05,3533.85
10259,CUST-079,PROD-011,2023-01-11 18:00:00,7,0.1,2110.75
10260,CUST-074,PROD-003,2023-01-11 19:00:00,2,0.2,126.61 EUR
10261,CUST-032,PROD-015,2023-01-11 20:00:00,8,0.0,2789.44
10262,CUST-039,PROD-007,2023-01-11 21:00:00,6,0.2,1024.61
10263,CUST-009,PROD-020,,3,0.0,1279.65
10264,CUST-018,PROD-020,2023-01-11 23:00:00,5,0.05,2026.11
10265,CUST-066,PROD-005,2023-01-12 00:00:00,1,0.1,262.03 EUR
10266,CUST-088,PROD-012,2023-01-12 01:00:00,4,0.2,$401.31
10267,CUST-017,PROD-002,2023-01-12 02:00:00,1,0.1,394.46
10268,CUST-041,PROD-009,2023-01-12 03:00:00,9,0.2,1978.49
10269,CUST-008,PROD-013,2023-01-12 04:00:00,3,0.2,787.97
10270,CUST-043,PROD-009,2023-01-12 05:00:00,8,0.0,2198.32
10271,CUST-040,PROD-002,2023-01-12 06:00:00,-8,0.1,-3155.69
10272,CUST-094,PROD-009,2023-01-12 07:00:00,8,0.1,1978.49
10273,CUST-076,PROD-011,2023-01-12 08:00:00,5,0.1,1507.68
10274,CUST-083,PROD-005,2023-01-12 09:00:00,3,0.1,$786.08 EUR
10275,CUST-001,PROD-010,2023-01-12 10:00:00,2,0.1,392.69
10276,CUST-053,PROD-014,2023-01-12 11:00:00,8,0.1,$2349.86
10277,CUST-049,PROD-012,2023-01-12 12:00:00,8,0.05,$953.12
10278,CUST-028,PROD-005,2023-01-12 13:00:00,4,0.05,1106.33
10279,CUST-067,PROD-005 ,2023-01-12 14:00:00,4,0.2,
10280,CUST-019,PROD-004,2023-01-12 15:00:00,9,0.2,Check_Receipt
10281,CUST-043,PROD-016,2023-01-12 16:00:00,8,0.2,$2975.87
10282,CUST-090,PROD-002,2023-01-12 17:00:00,8,0.05,3331.0
10283,CUST-048,PROD-017,2023-01-12 18:00:00,8,0.0,3226.16
10284,CUST-999,PROD-018,2023-01-12 19:00:00,4,0.0,254.76
10285,CUST-031,PROD-005,2023-01-12 20:00:00,4,0.05,$1106.33 EUR
10286,CUST-073,PROD-018,2023-01-12 21:00:00,5,0.2,$254.76
10287,CUST-094,PROD-005,2023-01-12 22:00:00,6,0.05,1659.5
10288,CUST-008,PROD-009,2023-01-12 23:00:00,8,0.0,2198.32
10289,CUST-027,PROD-012,2023-01-13 00:00:00,6,0.0,752.46
10290,CUST-034,PROD-018 ,2023-01-13 01:00:00,4,0.1,
10291,CUST-050,PROD-006,2023-01-13 02:00:00,4,0.05,562.4
10292,CUST-011,PROD-006,2023-01-13 03:00:00,1,0.05,140.6
10293,CUST-062,PROD-005,2023-01-13 04:00:00,8,0.05,2212.66
10294,CUST-014,PROD-004,2023-01-13 05:00:00,5,0.05,856.62
10295,CUST-039,PROD-015,2023-01-13 06:00:00,3,0.2,$836.83
10296,CUST-096,PROD-009,2023-01-13 07:00:00,3,0.1,$741.93
10297,CUST-093,PROD-006,2023-01-13 08:00:00,3,0.2,355.2 EUR
10298,CUST-073,PROD-019,2023-01-13 09:00:00,1,0.05,300.53
10299,CUST-082,PROD-004,2023-01-13 10:00:00,7,0.1,1136.14
10300,CUST-031,PROD-001,2023-01-13 11:00:00,8,0.2,1640.51
10301,CUST-092,PROD-009,2023-01-13 12:00:00,6,0.0,1648.74
10302,CUST-051,PROD-015,2023-01-13 13:00:00,1,0.2,278.94
10303,CUST-023,PROD-012,2023-01-13 14:00:00,3,0.2,300.98
10304,CUST-024,PROD-017 ,2023-01-13 15:00:00,5,0.05,
10305,CUST-043,PROD-003,2023-01-13 16:00:00,7,0.2,443.13
10306,CUST-083,PROD-006,2023-01-13 17:00:00,3,0.05,421.8
10307,CUST-094,PROD-009,2023-01-13 18:00:00,2,0.1,494.62
10308,CUST-063,PROD-008,2023-01-13 19:00:00,1,0.0,434.36
10309,CUST-017,PROD-017,2023-01-13 20:00:00,4,0.05,1532.43
10310,CUST-066,PROD-012,2023-01-13 21:00:00,6,0.1,$677.21
10311,CUST-073,PROD-001,2023-01-13 22:00:00,3,0.0,$768.99
10312,CUST-046,PROD-001,2023-01-13 23:00:00,8,0.2,1640.51 EUR
10313,CUST-034,PROD-009,2023-01-14 00:00:00,3,0.2,659.5
10314,CUST-052,PROD-011,2023-01-14 01:00:00,8,0.0,2680.32
10315,CUST-051,PROD-011,2023-01-14 02:00:00,9,0.1,Check_Receipt
10316,CUST-023,PROD-008,2023-01-14 03:00:00,4,0.2,Check_Receipt
10317,CUST-042,PROD-012,2023-01-14 04:00:00,5,0.0,627.05
10318,CUST-073,PROD-014,2023-01-14 05:00:00,5,0.05,1550.26
10319,CUST-100,PROD-018,2023-01-14 06:00:00,3,0.2,152.86
10320,CUST-030,PROD-014,2023-01-14 07:00:00,3,0.0,979.11
10321,CUST-012,PROD-010,2023-01-14 08:00:00,3,0.05,$621.76
10322,CUST-010,PROD-020,2023-01-14 09:00:00,1000,0.0,426550.0
10323,CUST-009,PROD-015,2023-01-14 10:00:00,8,0.1,$2510.5
10324,CUST-095,PROD-001,2023-01-14 11:00:00,3,0.0,768.99
10325,CUST-055,PROD-016,2023-01-14 12:00:00,1,0.1,418.48
10326,CUST-059,PROD-006,2023-01-14 13:00:00,6,0.1,799.2
10327,CUST-043,PROD-010,2023-01-14 14:00:00,5,0.2,872.64
10328,CUST-091,PROD-003,2023-01-14 15:00:00,3,0.0,237.39
10329,CUST-087,PROD-015,2023-01-14 16:00:00,4,0.0,$1394.72
10330,CUST-022,PROD-014 ,2023-01-14 17:00:00,4,0.2,
10331,CUST-026,PROD-001,2023-01-14 18:00:00,1,0.0,256.33
10332,CUST-098,PROD-010,2023-01-14 19:00:00,4,0.05,$829.01
10333,CUST-004,PROD-010,2023-01-14 20:00:00,9,0.1,$1767.1
10334,CUST-055,PROD-015,2023-01-14 21:00:00,1000,0.2,$278944.0
10335,CUST-003,PROD-002,2023-01-14 22:00:00,6,0.0,2629.74
10336,CUST-086,PROD-019,2023-01-14 23:00:00,2,0.2,506.16
10337,CUST-025,PROD-020,2023-01-15 00:00:00,6,0.05,2431.34
10338,CUST-015,PROD-006,2023-01-15 01:00:00,4,0.2,$473.6
10339,CUST-098,PROD-012,2023-01-15 02:00:00,2,0.0,$250.82 EUR
10340,CUST-060,PROD-020,2023-01-15 03:00:00,6,0.1,2303.37
10341,CUST-062,PROD-007,2023-01-15 04:00:00,1,0.0,213.46 EUR
10342,CUST-058,PROD-019,2023-01-15 05:00:00,6,0.05,1803.2 EUR
10343,CUST-045,PROD-017,2023-01-15 06:00:00,7,0.2,2258.31
10344,CUST-070,PROD-005,2023-01-15 07:00:00,7,0.05,1936.08
10345,CUST-094,PROD-009,2023-01-15 08:00:00,4,0.0,Check_Receipt
10346,CUST-080,PROD-017,2023-01-15 09:00:00,6,0.2,1935.7
10347,CUST-076,PROD-008,2023-01-15 10:00:00,6,0.0,$2606.16
10348,CUST-999,PROD-011,2023-01-15 11:00:00,3,0.1,904.61
10349,CUST-060,PROD-007,2023-01-15 12:00:00,4,0.1,768.46
10350,CUST-061,PROD-014,2023-01-15 13:00:00,1,0.0,$326.37 EUR
10351,CUST-020,PROD-001,2023-01-15 14:00:00,1,0.1,230.7
10352,CUST-079,PROD-008,2023-01-15 15:00:00,8,0.05,3301.14
10353,CUST-086,PROD-009,2023-01-15 16:00:00,2,0.1,$494.62
10354,CUST-031,PROD-001,2023-01-15 17:00:00,9,0.0,2306.97
10355,CUST-055,PROD-020,2023-01-15 18:00:00,2,0.2,Check_Receipt
10356,CUST-083,PROD-016,2023-01-15 19:00:00,1,0.1,$418.48
10357,CUST-002,PROD-018 ,2023-01-15 20:00:00,7,0.0,
10358,CUST-999,PROD-018,2023-01-15 21:00:00,3,0.1,171.96 EUR
10359,CUST-071,PROD-003,2033-01-12 22:00:00,1,0.1,71.22
10360,CUST-063,PROD-019,2023-01-15 23:00:00,1,0.05,300.53
10361,CUST-026,PROD-008,2023-01-16 00:00:00,6,0.05,2475.85 EUR
10362,CUST-093,PROD-013,2023-01-16 01:00:00,3,0.0,$984.96
10363,CUST-099,PROD-001,2023-01-16 02:00:00,8,0.2,1640.51
10364,CUST-028,PROD-009,2023-01-16 03:00:00,8,0.2,1758.66
10365,CUST-054,PROD-018,2023-01-16 04:00:00,9,0.1,515.89
10366,CUST-052,PROD-020,2023-01-16 05:00:00,9,0.05,3647.0
10367,CUST-098,PROD-015,2023-01-16 06:00:00,1,0.2,$278.94
10368,CUST-027,PROD-003,2023-01-16 07:00:00,3,0.0,$237.39
10369,CUST-075,PROD-007,2023-01-16 08:00:00,6,0.0,1280.76
10370,CUST-097,PROD-020,2023-01-16 09:00:00,3,0.0,$1279.65
10371,CUST-053,PROD-011,2023-01-16 10:00:00,5,0.0,1675.2
10372,CUST-072,PROD-015,2023-01-16 11:00:00,2,0.05,662.49
10373,CUST-068,PROD-015,2023-01-16 12:00:00,9,0.2,$2510.5
10374,CUST-039,PROD-007,2023-01-16 13:00:00,7,0.0,1494.22
10375,CUST-044,PROD-017,2023-01-16 14:00:00,1,0.1,362.94
10376,CUST-093,PROD-005,2023-01-16 15:00:00,6,0.05,1659.5
10377,CUST-008,PROD-008,Invalid_Date,2,0.0,868.72
10378,CUST-100,PROD-020,2023-01-16 17:00:00,7,0.1,2687.26
10379,CUST-023,PROD-018,2023-01-16 18:00:00,3,0.2,152.86
10380,CUST-064,PROD-011,2023-01-16 19:00:00,8,0.0,Check_Receipt
10381,CUST-074,PROD-009,2023-01-16 20:00:00,5,0.2,$1099.16
10382,CUST-091,PROD-013,2023-01-16 21:00:00,5,0.1,1477.44
10383,CUST-061,PROD-019,2023-01-16 22:00:00,9,0.0,2847.15
10384,CUST-036,PROD-015,2023-01-16 23:00:00,4,0.0,1394.72
10385,CUST-061,PROD-018,2023-01-17 00:00:00,1,0.05,$60.51
10386,CUST-010,PROD-013,2023-01-17 01:00:00,3,0.1,886.46
10387,CUST-090,PROD-017,2023-01-17 02:00:00,2,0.2,645.23
10388,CUST-058,PROD-013,2023-01-17 03:00:00,4,0.05,1247.62
10389,CUST-060,PROD-008,2023-01-17 04:00:00,9,0.1,$3518.32
10390,CUST-047,PROD-001,2023-01-17 05:00:00,8,0.1,1845.58
10391,CUST-024,PROD-008,2023-01-17 06:00:00,7,0.1,2736.47
10392,CUST-085,PROD-020,2023-01-17 07:00:00,2,0.0,853.1
10393,CUST-054,PROD-020,2023-01-17 08:00:00,6,0.1,2303.37
10394,CUST-013,PROD-016,2023-01-17 09:00:00,7,0.0,3254.86 EUR
10395,CUST-037,PROD-010,2023-01-17 10:00:00,1,0.05,207.25
10396,CUST-060,PROD-019,2023-01-17 11:00:00,9,0.1,$2562.44
10397,CUST-005,PROD-008,2023-01-17 12:00:00,3,0.05,1237.93
10398,CUST-100,PROD-018,2023-01-17 13:00:00,1,0.05,60.51
10399,CUST-092,PROD-016,2023-01-17 14:00:00,3,0.0,1394.94
10400,CUST-076,PROD-009,2023-01-17 15:00:00,7,0.2,1538.82
10401,CUST-089,PROD-016,2023-01-17 16:00:00,5,0.05,2208.66
10402,CUST-044,PROD-008,2023-01-17 17:00:00,1,0.05,412.64
10403,CUST-044,PROD-001,2023-01-17 18:00:00,6,0.0,1537.98
10404,CUST-044,PROD-003,2023-01-17 19:00:00,6,0.0,474.78
10405,CUST-041,PROD-015,2023-01-17 20:00:00,3,0.1,941.44
10406,CUST-009,PROD-003,2023-01-17 21:00:00,6,0.1,427.3
10407,CUST-080,PROD-005,2023-01-17 22:00:00,3,0.0,873.42
10408,CUST-053,PROD-006,2023-01-17 23:00:00,4,0.05,562.4 EUR
10409,CUST-015,PROD-013,2023-01-18 00:00:00,1,0.2,$262.66 EUR
10410,CUST-096,PROD-001,2023-01-18 01:00:00,1,0.05,243.51
10411,CUST-093,PROD-009 ,2023-01-18 02:00:00,9,0.1,
10412,CUST-039,PROD-009,2023-01-18 03:00:00,3,0.0,824.37
10413,CUST-061,PROD-009,2023-01-18 04:00:00,7,0.0,1923.53 EUR
10414,CUST-067,PROD-011,2023-01-18 05:00:00,3,0.05,954.86 EUR
10415,CUST-073,PROD-010,2033-01-15 06:00:00,9,0.1,1767.1
10416,CUST-016,PROD-009,2023-01-18 07:00:00,9,0.2,1978.49
10417,CUST-019,PROD-011,2023-01-18 08:00:00,1,0.05,318.29
10418,CUST-015,PROD-016,2023-01-18 09:00:00,6,0.2,2231.9
10419,CUST-091,PROD-015,2023-01-18 10:00:00,6,0.05,$1987.48
10420,CUST-058,PROD-010,2023-01-18 11:00:00,8,0.2,1396.22 EUR
10421,CUST-064,PROD-012,2023-01-18 12:00:00,3,0.1,338.61
10422,CUST-070,PROD-013,2023-01-18 13:00:00,6,0.05,1871.42
10423,CUST-096,PROD-016,2023-01-18 14:00:00,3,0.0,1394.94
10424,CUST-091,PROD-004,2023-01-18 15:00:00,5,0.1,811.53
10425,CUST-078,PROD-011,2023-01-18 16:00:00,2,0.0,670.08
10426,CUST-076,PROD-018,2023-01-18 17:00:00,7,0.1,$401.25 EUR
10427,CUST-999,PROD-011,2023-01-18 18:00:00,3,0.0,$1005.12
10428,CUST-061,PROD-009,2023-01-18 19:00:00,8,0.0,2198.32
10429,CUST-062,PROD-012 ,2023-01-18 20:00:00,1,0.0,
10430,CUST-068,PROD-003,2023-01-18 21:00:00,3,0.2,189.91 EUR
10431,CUST-067,PROD-002,2023-01-18 22:00:00,7,0.1,2761.23
10432,CUST-097,PROD-017,2023-01-18 23:00:00,6,0.1,$2177.66
10433,CUST-096,PROD-020,2023-01-19 00:00:00,6,0.05,2431.34
10434,CUST-021,PROD-012,2023-01-19 01:00:00,5,0.05,595.7
10435,CUST-045,PROD-013,2023-01-19 02:00:00,8,0.0,$2626.56
10436,CUST-097,PROD-017,2023-01-19 03:00:00,1,0.1,362.94 EUR
10437,CUST-048,PROD-002 ,2023-01-19 04:00:00,3,0.05,
10438,CUST-018,PROD-013,2023-01-19 05:00:00,9,0.2,Check_Receipt
10439,CUST-999,PROD-018,2023-01-19 06:00:00,9,0.05,544.55
10440,CUST-091,PROD-007,2023-01-19 07:00:00,5,0.1,960.57 EUR
10441,CUST-083,PROD-013,2023-01-19 08:00:00,9,0.1,2659.39
10442,CUST-070,PROD-007,2023-01-19 09:00:00,1,0.05,$202.79
10443,CUST-081,PROD-004,2023-01-19 10:00:00,2,0.0,$360.68
10444,CUST-002,PROD-004,2023-01-19 11:00:00,3,0.05,513.97
10445,CUST-023,PROD-018,2023-01-19 12:00:00,9,0.1,515.89
10446,CUST-073,PROD-015,2023-01-19 13:00:00,7,0.1,2196.68
10447,CUST-022,PROD-007,2023-01-19 14:00:00,6,0.05,1216.72
10448,CUST-076,PROD-002,2023-01-19 15:00:00,8,0.2,2805.06
10449,CUST-045,PROD-009,2023-01-19 16:00:00,2,0.1,494.62 EUR
10450,CUST-094,PROD-012,2023-01-19 17:00:00,1,0.1,112.87
10451,CUST-079,PROD-009,2023-01-19 18:00:00,9,0.0,2473.11
10452,CUST-005,PROD-012,2023-01-19 19:00:00,5,0.0,627.05
10453,CUST-036,PROD-013,2023-01-19 20:00:00,5,0.05,$1559.52
10454,CUST-999,PROD-002,2023-01-19 21:00:00,8,0.2,2805.06
10455,CUST-999,PROD-008,2023-01-19 22:00:00,6,0.1,2345.54
10456,CUST-069,PROD-004,2023-01-19 23:00:00,9,0.2,1298.45
10457,CUST-093,PROD-003,2023-01-20 00:00:00,7,0.2,443.13
10458,CUST-020,PROD-018,2023-01-20 01:00:00,2,0.05,$121.01
10459,CUST-075,PROD-015,2023-01-20 02:00:00,1,0.05,331.25
10460,CUST-096,PROD-016,2023-01-20 03:00:00,8,0.05,3533.85 EUR
10461,CUST-035,PROD-007,2023-01-20 04:00:00,5,0.0,1067.3
10462,CUST-025,PROD-004,2023-01-20 05:00:00,4,0.2,577.09
10463,CUST-017,PROD-020,2023-01-20 06:00:00,2,0.2,682.48
10464,CUST-008,PROD-017,2023-01-20 07:00:00,2,0.1,725.89
10465,CUST-014,PROD-006,2023-01-20 08:00:00,7,0.2,828.8
10466,CUST-019,PROD-010 ,2023-01-20 09:00:00,7,0.1,
10467,CUST-038,PROD-011,2023-01-20 10:00:00,7,0.0,Check_Receipt
10468,CUST-049,PROD-016,2023-01-20 11:00:00,2,0.1,836.96
10469,CUST-007,PROD-001,2023-01-20 12:00:00,-9,0.05,-2191.62
10470,CUST-029,PROD-017,2023-01-20 13:00:00,6,0.0,2419.62
10471,CUST-032,PROD-018,2023-01-20 14:00:00,6,0.1,343.93
10472,CUST-098,PROD-014 ,2023-01-20 15:00:00,4,0.0,
10473,CUST-029,PROD-019,2023-01-20 16:00:00,0,0.1,0.0 EUR
10474,CUST-092,PROD-002,2023-01-20 17:00:00,2,0.05,832.75
10475,CUST-067,PROD-016,2023-01-20 18:00:00,2,0.05,Check_Receipt
10476,CUST-061,PROD-013,2023-01-20 19:00:00,5,0.0,1641.6
10477,CUST-050,PROD-019,2023-01-20 20:00:00,9,0.1,$2562.44
10478,CUST-040,PROD-011,2023-01-20 21:00:00,9,0.2,Check_Receipt
10479,CUST-053,PROD-008,2023-01-20 22:00:00,2,0.2,Check_Receipt
10480,CUST-035,PROD-012,2023-01-20 23:00:00,2,0.05,238.28
10481,CUST-033,PROD-002,2023-01-21 00:00:00,7,0.0,3068.03
10482,CUST-050,PROD-001,2023-01-21 01:00:00,7,0.1,1614.88
10483,CUST-100,PROD-012,2023-01-21 02:00:00,4,0.05,476.56
10484,CUST-036,PROD-006,2023-01-21 03:00:00,5,0.0,$740.0
10485,CUST-067,PROD-001,2023-01-21 04:00:00,9,0.2,1845.58
10486,CUST-060,PROD-011,2023-01-21 05:00:00,1,0.0,335.04
10487,CUST-071,PROD-014,2023-01-21 06:00:00,6,0.05,1860.31
10488,CUST-019,PROD-002,2023-01-21 07:00:00,-1,0.1,-394.46
10489,CUST-051,PROD-003,2023-01-21 08:00:00,5,0.05,375.87
10490,CUST-083,PROD-002,2023-01-21 09:00:00,1000,0.05,416375.5
10491,CUST-093,PROD-014,2023-01-21 10:00:00,4,0.0,1305.48
10492,CUST-049,PROD-017,2023-01-21 11:00:00,4,0.0,1613.08
10493,CUST-036,PROD-004,2023-01-21 12:00:00,4,0.0,721.36
10494,CUST-031,PROD-012,2023-01-21 13:00:00,8,0.0,1003.28
10495,CUST-067,PROD-015,2023-01-21 14:00:00,1,0.0,348.68
10496,CUST-093,PROD-017,2023-01-21 15:00:00,6,0.2,1935.7
10497,CUST-085,PROD-005,2023-01-21 16:00:00,8,0.0,2329.12
10498,CUST-091,PROD-020,2023-01-21 17:00:00,5,0.1,1919.48
10499,CUST-003,PROD-019,2023-01-21 18:00:00,6,0.0,1898.1
10500,CUST-079,PROD-009,2023-01-21 19:00:00,6,0.2,1318.99
10501,CUST-013,PROD-003,2023-01-21 20:00:00,6,0.1,427.3
10502,CUST-070,PROD-005,2023-01-21 21:00:00,2,0.05,$553.17
10503,CUST-088,PROD-009,Invalid_Date,2,0.05,522.1
10504,CUST-039,PROD-002,2023-01-21 23:00:00,6,0.0,2629.74
10505,CUST-004,PROD-010,2023-01-22 00:00:00,9,0.05,1865.27
10506,CUST-022,PROD-011,2023-01-22 01:00:00,9,0.0,3015.36
10507,CUST-076,PROD-013,2023-01-22 02:00:00,1,0.05,311.9
10508,CUST-074,PROD-006,2023-01-22 03:00:00,8,0.05,1124.8
10509,CUST-082,PROD-001,2023-01-22 04:00:00,4,0.1,922.79
10510,CUST-012,PROD-001,2023-01-22 05:00:00,9,0.05,2191.62
10511,CUST-086,PROD-006,2023-01-22 06:00:00,3,0.2,355.2
10512,CUST-999,PROD-014,2023-01-22 07:00:00,8,0.2,2088.77
10513,CUST-041,PROD-003,2023-01-22 08:00:00,8,0.0,633.04
10514,CUST-047,PROD-016,2023-01-22 09:00:00,7,0.2,2603.89
10515,CUST-035,PROD-002,2023-01-22 10:00:00,5,0.2,$1753.16
10516,CUST-035,PROD-018,2023-01-22 11:00:00,5,0.05,302.53
10517,CUST-008,PROD-010,2023-01-22 12:00:00,4,0.2,698.11
10518,CUST-071,PROD-014,2023-01-22 13:00:00,5,0.05,1550.26
10519,CUST-089,PROD-018,2023-01-22 14:00:00,5,0.05,302.53
10520,CUST-008,PROD-018,2023-01-22 15:00:00,9,0.1,$515.89
10521,CUST-006,PROD-014,2023-01-22 16:00:00,6,0.05,1860.31
10522,CUST-074,PROD-005,2023-01-22 17:00:00,9,0.2,$2096.21
10523,CUST-999,PROD-007,2023-01-22 18:00:00,2,0.0,$426.92 EUR
10524,CUST-037,PROD-018,2033-01-19 19:00:00,5,0.1,286.6
10525,CUST-058,PROD-012,2023-01-22 20:00:00,3,0.05,357.42
10526,CUST-025,PROD-009,2023-01-22 21:00:00,1,0.0,274.79
10527,CUST-047,PROD-004,2023-01-22 22:00:00,6,0.05,1027.94
10528,CUST-012,PROD-010,2023-01-22 23:00:00,2,0.1,392.69
10529,CUST-006,PROD-011,2023-01-23 00:00:00,9,0.2,2412.29
10530,CUST-064,PROD-007,,5,0.1,960.57
10531,CUST-054,PROD-015,2023-01-23 02:00:00,1,0.2,278.94
10532,CUST-016,PROD-003 ,2023-01-23 03:00:00,4,0.0,
10533,CUST-008,PROD-009,2023-01-23 04:00:00,4,0.1,$989.24
10534,CUST-009,PROD-001,2023-01-23 05:00:00,5,0.0,$1281.65
10535,CUST-097,PROD-001,2023-01-23 06:00:00,-7,0.05,-1704.59
10536,CUST-011,PROD-015,2023-01-23 07:00:00,7,0.1,2196.68
10537,CUST-006,PROD-008,2023-01-23 08:00:00,4,0.1,1563.7
10538,CUST-074,PROD-010,2023-01-23 09:00:00,7,0.0,1527.12
10539,CUST-086,PROD-016,2023-01-23 10:00:00,2,0.1,836.96
10540,CUST-073,PROD-012,2023-01-23 11:00:00,2,0.2,200.66
10541,CUST-084,PROD-003,2023-01-23 12:00:00,2,0.05,150.35
10542,CUST-029,PROD-008,2023-01-23 13:00:00,5,0.2,$1737.44
10543,CUST-037,PROD-018,2023-01-23 14:00:00,4,0.0,254.76
10544,CUST-005,PROD-008,2023-01-23 15:00:00,7,0.1,2736.47 EUR
10545,CUST-063,PROD-016,2023-01-23 16:00:00,3,0.05,1325.19
10546,CUST-076,PROD-012,2023-01-23 17:00:00,8,0.2,Check_Receipt
10547,CUST-047,PROD-008,2023-01-23 18:00:00,4,0.05,1650.57
10548,CUST-041,PROD-013 ,2023-01-23 19:00:00,1,0.05,
10549,CUST-043,PROD-020,2023-01-23 20:00:00,5,0.2,1706.2
10550,CUST-067,PROD-015,2023-01-23 21:00:00,9,0.0,Check_Receipt
10551,CUST-083,PROD-014,2023-01-23 22:00:00,5,0.1,1468.66
10552,CUST-074,PROD-013,2023-01-23 23:00:00,9,0.1,$2659.39
10553,CUST-078,PROD-017,2023-01-24 00:00:00,8,0.2,2580.93
10554,CUST-092,PROD-003,2023-01-24 01:00:00,3,0.0,237.39
10555,CUST-015,PROD-013,2023-01-24 02:00:00,6,0.0,$1969.92
10556,CUST-060,PROD-018,2023-01-24 03:00:00,2,0.2,$101.9
10557,CUST-044,PROD-009,2023-01-24 04:00:00,8,0.0,Check_Receipt
10558,CUST-036,PROD-012,2023-01-24 05:00:00,5,0.0,627.05
10559,CUST-028,PROD-001,2023-01-24 06:00:00,2,0.0,512.66
10560,CUST-028,PROD-004,2023-01-24 07:00:00,1,0.1,162.31
10561,CUST-058,PROD-003,2023-01-24 08:00:00,8,0.05,601.39
10562,CUST-002,PROD-016,2023-01-24 09:00:00,7,0.1,$2929.37
10563,CUST-086,PROD-007,2023-01-24 10:00:00,-8,0.05,$-1622.3
10564,CUST-015,PROD-018,2023-01-24 11:00:00,8,0.05,484.04
10565,CUST-023,PROD-011,2023-01-24 12:00:00,3,0.05,954.86
10566,CUST-055,PROD-008,2023-01-24 13:00:00,4,0.0,Check_Receipt
10567,CUST-029,PROD-003,2023-01-24 14:00:00,1,0.1,71.22
10568,CUST-009,PROD-005,2023-01-24 15:00:00,3,0.1,786.08
10569,CUST-027,PROD-017,2023-01-24 16:00:00,2,0.05,$766.21
10570,CUST-051,PROD-002,2023-01-24 17:00:00,5,0.2,$1753.16
10571,CUST-043,PROD-019,2023-01-24 18:00:00,8,0.2,2024.64
10572,CUST-018,PROD-011,2023-01-24 19:00:00,7,0.05,$2228.02 EUR
10573,CUST-060,PROD-013,2023-01-24 20:00:00,1,0.1,295.49
10574,CUST-091,PROD-012,2023-01-24 21:00:00,5,0.0,$627.05
10575,CUST-999,PROD-018,2023-01-24 22:00:00,2,0.2,101.9
10576,CUST-096,PROD-006,2023-01-24 23:00:00,6,0.2,710.4
10577,CUST-060,PROD-018,2023-01-25 00:00:00,5,0.05,302.53
10578,CUST-022,PROD-016,2023-01-25 01:00:00,2,0.1,836.96
10579,CUST-058,PROD-002,2023-01-25 02:00:00,4,0.2,1402.53
10580,CUST-049,PROD-016 ,2023-01-25 03:00:00,4,0.05,
10581,CUST-006,PROD-006,2023-01-25 04:00:00,1,0.05,$140.6
10582,CUST-064,PROD-012,2023-01-25 05:00:00,2,0.1,$225.74
10583,CUST-033,PROD-002,2023-01-25 06:00:00,1,0.2,350.63
10584,CUST-025,PROD-003,2023-01-25 07:00:00,8,0.2,506.43
10585,CUST-081,PROD-019,Invalid_Date,1,0.0,316.35 EUR
10586,CUST-028,PROD-009,2023-01-25 09:00:00,7,0.1,1731.18
10587,CUST-082,PROD-013,2023-01-25 10:00:00,9,0.2,2363.9
10588,CUST-093,PROD-014,2023-01-25 11:00:00,2,0.05,620.1
10589,CUST-044,PROD-009,2023-01-25 12:00:00,8,0.2,Check_Receipt
10590,CUST-024,PROD-017,2023-01-25 13:00:00,3,0.0,1209.81
10591,CUST-042,PROD-002,2023-01-25 14:00:00,4,0.05,1665.5
10592,CUST-014,PROD-009,2023-01-25 15:00:00,9,0.05,2349.45
10593,CUST-095,PROD-020,2023-01-25 16:00:00,7,0.0,2985.85
10594,CUST-021,PROD-008,2023-01-25 17:00:00,9,0.1,3518.32
10595,CUST-041,PROD-007,2023-01-25 18:00:00,8,0.2,1366.14
10596,CUST-053,PROD-019,2023-01-25 19:00:00,2,0.2,506.16
10597,CUST-051,PROD-014,2023-01-25 20:00:00,3,0.0,979.11
10598,CUST-001,PROD-004,2023-01-25 21:00:00,3,0.1,486.92
10599,CUST-006,PROD-017,2023-01-25 22:00:00,5,0.2,1613.08
10600,CUST-010,PROD-020,2023-01-25 23:00:00,9,0.05,3647.0
10601,CUST-039,PROD-006,2023-01-26 00:00:00,1,0.0,Check_Receipt
10602,CUST-006,PROD-014,2023-01-26 01:00:00,7,0.1,$2056.13
10603,CUST-009,PROD-003,2023-01-26 02:00:00,4,0.0,316.52
10604,CUST-020,PROD-012,2023-01-26 03:00:00,5,0.2,501.64
10605,CUST-004,PROD-003,2023-01-26 04:00:00,2,0.1,142.43
10606,CUST-013,PROD-002,2023-01-26 05:00:00,0,0.0,$0.0
10607,CUST-065,PROD-014,2023-01-26 06:00:00,7,0.2,1827.67
10608,CUST-043,PROD-018,2023-01-26 07:00:00,3,0.2,152.86
10609,CUST-052,PROD-002,2023-01-26 08:00:00,8,0.1,3155.69
10610,CUST-040,PROD-006,2023-01-26 09:00:00,8,0.2,947.2
10611,CUST-089,PROD-018,2023-01-26 10:00:00,1000,0.05,$60505.5
10612,CUST-052,PROD-006,2023-01-26 11:00:00,7,0.05,984.2
10613,CUST-046,PROD-014,2023-01-26 12:00:00,3,0.1,881.2
10614,CUST-085,PROD-007,2023-01-26 13:00:00,6,0.0,1280.76
10615,CUST-017,PROD-006,2023-01-26 14:00:00,5,0.2,592.0
10616,CUST-068,PROD-015,2023-01-26 15:00:00,6,0.2,Check_Receipt
10617,CUST-035,PROD-012,2023-01-26 16:00:00,9,0.1,Check_Receipt
10618,CUST-015,PROD-013,2023-01-26 17:00:00,5,0.05,$1559.52
10619,CUST-046,PROD-004,2023-01-26 18:00:00,9,0.2,1298.45
10620,CUST-082,PROD-005,2023-01-26 19:00:00,4,0.0,1164.56 EUR
10621,CUST-010,PROD-001,2023-01-26 20:00:00,7,0.1,1614.88
10622,CUST-046,PROD-013 ,2023-01-26 21:00:00,9,0.0,
10623,CUST-043,PROD-012,2023-01-26 22:00:00,3,0.0,Check_Receipt
10624,CUST-043,PROD-005,2023-01-26 23:00:00,8,0.05,2212.66
10625,CUST-099,PROD-007,2023-01-27 00:00:00,6,0.0,1280.76 EUR
10626,CUST-006,PROD-007,2023-01-27 01:00:00,8,0.1,1536.91 EUR
10627,CUST-064,PROD-003 ,2023-01-27 02:00:00,6,0.1,
10628,CUST-070,PROD-018,2023-01-27 03:00:00,5,0.2,254.76 EUR
10629,CUST-028,PROD-005,2023-01-27 04:00:00,6,0.2,$1397.47
10630,CUST-046,PROD-020,2023-01-27 05:00:00,8,0.2,$2729.92
10631,CUST-036,PROD-006,2023-01-27 06:00:00,8,0.05,1124.8
10632,CUST-075,PROD-011,2023-01-27 07:00:00,0,0.05,$0.0
10633,CUST-066,PROD-002,2023-01-27 08:00:00,9,0.05,$3747.38 EUR
10634,CUST-024,PROD-006,2023-01-27 09:00:00,7,0.1,932.4
10635,CUST-060,PROD-001,2023-01-27 10:00:00,9,0.0,2306.97 EUR
10636,CUST-094,PROD-008,2023-01-27 11:00:00,6,0.1,2345.54 EUR
10637,CUST-071,PROD-017,2023-01-27 12:00:00,8,0.0,3226.16
10638,CUST-048,PROD-017,2023-01-27 13:00:00,4,0.05,1532.43
10639,CUST-006,PROD-009,2023-01-27 14:00:00,1,0.2,219.83 EUR
10640,CUST-059,PROD-010,2023-01-27 15:00:00,2,0.0,436.32
10641,CUST-001,PROD-013,2023-01-27 16:00:00,2,0.0,656.64
10642,CUST-020,PROD-007,2023-01-27 17:00:00,4,0.05,$811.15
10643,CUST-059,PROD-014,2023-01-27 18:00:00,3,0.0,979.11
10644,CUST-016,PROD-001,2023-01-27 19:00:00,7,0.0,$1794.31
10645,CUST-060,PROD-012,2023-01-27 20:00:00,5,0.1,564.34 EUR
10646,CUST-098,PROD-008,2023-01-27 21:00:00,8,0.1,3127.39
10647,CUST-030,PROD-003,2023-01-27 22:00:00,1,0.0,79.13
10648,CUST-005,PROD-001,2023-01-27 23:00:00,8,0.1,1845.58
10649,CUST-095,PROD-006,2023-01-28 00:00:00,2,0.1,266.4 EUR
10650,CUST-033,PROD-014,2023-01-28 01:00:00,5,0.05,1550.26
10651,CUST-046,PROD-001,2023-01-28 02:00:00,8,0.0,2050.64 EUR
10652,CUST-086,PROD-020,2023-01-28 03:00:00,3,0.2,1023.72
10653,CUST-059,PROD-017,2023-01-28 04:00:00,1,0.1,362.94
10654,CUST-048,PROD-009,2023-01-28 05:00:00,1,0.2,219.83
10655,CUST-017,PROD-017,2023-01-28 06:00:00,1,0.0,403.27
10656,CUST-032,PROD-013,2023-01-28 07:00:00,7,0.1,$2068.42
10657,CUST-068,PROD-018,2023-01-28 08:00:00,4,0.05,242.02 EUR
10658,CUST-065,PROD-010,2023-01-28 09:00:00,5,0.0,1090.8 EUR
10659,CUST-040,PROD-002,2023-01-28 10:00:00,9,0.05,3747.38
10660,CUST-057,PROD-002,2023-01-28 11:00:00,3,0.2,1051.9
10661,CUST-041,PROD-008,2023-01-28 12:00:00,4,0.0,1737.44
10662,CUST-077,PROD-019,,7,0.05,2103.73
10663,CUST-041,PROD-018,2023-01-28 14:00:00,5,0.0,318.45
10664,CUST-054,PROD-011,2023-01-28 15:00:00,9,0.1,2713.82 EUR
10665,CUST-041,PROD-005,Invalid_Date,6,0.1,1572.16 EUR
10666,CUST-026,PROD-013,2023-01-28 17:00:00,7,0.2,Check_Receipt
10667,CUST-019,PROD-009,2023-01-28 18:00:00,4,0.1,$989.24 EUR
10668,CUST-055,PROD-019,2023-01-28 19:00:00,6,0.1,1708.29
10669,CUST-056,PROD-015,2023-01-28 20:00:00,1,0.0,348.68
10670,CUST-069,PROD-005,2023-01-28 21:00:00,2,0.2,Check_Receipt
10671,CUST-004,PROD-006,2023-01-28 22:00:00,4,0.2,473.6
10672,CUST-072,PROD-001,2023-01-28 23:00:00,4,0.1,922.79
10673,CUST-007,PROD-014,2023-01-29 00:00:00,6,0.1,1762.4
10674,CUST-098,PROD-001,2023-01-29 01:00:00,5,0.1,1153.48
10675,CUST-069,PROD-016,2023-01-29 02:00:00,1,0.2,371.98
10676,CUST-043,PROD-018,2023-01-29 03:00:00,2,0.1,114.64
10677,CUST-010,PROD-013,2023-01-29 04:00:00,6,0.2,$1575.94
10678,CUST-035,PROD-008,2023-01-29 05:00:00,3,0.0,1303.08
10679,CUST-087,PROD-005,2023-01-29 06:00:00,7,0.0,2037.98
10680,CUST-010,PROD-006,2023-01-29 07:00:00,2,0.1,$266.4
10681,CUST-022,PROD-006 ,2023-01-29 08:00:00,2,0.2,
10682,CUST-065,PROD-018,2023-01-29 09:00:00,8,0.2,407.62
10683,CUST-053,PROD-008,2023-01-29 10:00:00,9,0.05,$3713.78
10684,CUST-081,PROD-002,2023-01-29 11:00:00,3,0.05,1249.13
10685,CUST-082,PROD-016,2023-01-29 12:00:00,8,0.1,3347.86
10686,CUST-072,PROD-006,2023-01-29 13:00:00,1,0.0,148.0
10687,CUST-087,PROD-015,2023-01-29 14:00:00,1,0.2,$278.94
10688,CUST-040,PROD-001,2023-01-29 15:00:00,9,0.05,$2191.62
10689,CUST-065,PROD-003,2023-01-29 16:00:00,7,0.2,443.13
10690,CUST-072,PROD-001,2023-01-29 17:00:00,4,0.1,922.79 EUR
10691,CUST-005,PROD-003,2023-01-29 18:00:00,8,0.2,$506.43
10692,CUST-006,PROD-007,2023-01-29 19:00:00,9,0.2,1536.91
10693,CUST-013,PROD-014,2023-01-29 20:00:00,6,0.05,1860.31
10694,CUST-026,PROD-004,2023-01-29 21:00:00,4,0.1,649.22
10695,CUST-099,PROD-006,2023-01-29 22:00:00,2,0.1,$266.4
10696,CUST-099,PROD-008,2023-01-29 23:00:00,2,0.05,825.28
10697,CUST-015,PROD-010,2023-01-30 00:00:00,8,0.2,1396.22
10698,CUST-001,PROD-013,2023-01-30 01:00:00,7,0.0,2298.24
10699,CUST-058,PROD-009,2023-01-30 02:00:00,8,0.0,2198.32
10700,CUST-021,PROD-016,2023-01-30 03:00:00,9,0.0,4184.82
10701,CUST-021,PROD-015,2023-01-30 04:00:00,4,0.2,1115.78
10702,CUST-057,PROD-010,2023-01-30 05:00:00,5,0.0,1090.8
10703,CUST-087,PROD-001,2023-01-30 06:00:00,5,0.2,1025.32
10704,CUST-055,PROD-007,2023-01-30 07:00:00,1,0.0,213.46
10705,CUST-026,PROD-018,2023-01-30 08:00:00,1,0.05,60.51
10706,CUST-059,PROD-009,2023-01-30 09:00:00,4,0.05,1044.2
10707,CUST-035,PROD-010,2023-01-30 10:00:00,5,0.05,1036.26
10708,CUST-024,PROD-016,2023-01-30 11:00:00,2,0.1,836.96 EUR
10709,CUST-012,PROD-011,2023-01-30 12:00:00,9,0.05,2864.59
10710,CUST-074,PROD-010,2023-01-30 13:00:00,7,0.1,1374.41
10711,CUST-014,PROD-001,2023-01-30 14:00:00,7,0.2,1435.45
10712,CUST-049,PROD-017,2023-01-30 15:00:00,1,0.05,383.11
10713,CUST-051,PROD-019,2023-01-30 16:00:00,2,0.1,$569.43 EUR
10714,CUST-046,PROD-016,2023-01-30 17:00:00,-6,0.05,$-2650.39
10715,CUST-026,PROD-020,2023-01-30 18:00:00,9,0.1,3455.06
10716,CUST-044,PROD-003,2023-01-30 19:00:00,6,0.05,451.04
10717,CUST-089,PROD-019,2023-01-30 20:00:00,9,0.1,2562.44
10718,CUST-009,PROD-010,2023-01-30 21:00:00,5,0.0,1090.8
10719,CUST-051,PROD-014,2023-01-30 22:00:00,2,0.1,587.47
10720,CUST-003,PROD-020,2023-01-30 23:00:00,9,0.1,$3455.06
10721,CUST-052,PROD-007,2023-01-31 00:00:00,4,0.05,811.15
10722,CUST-095,PROD-003,2023-01-31 01:00:00,7,0.05,$526.21
10723,CUST-011,PROD-016,2023-01-31 02:00:00,1,0.2,$371.98
10724,CUST-040,PROD-013,2023-01-31 03:00:00,4,0.05,1247.62
10725,CUST-059,PROD-001,2023-01-31 04:00:00,3,0.1,692.09
10726,CUST-062,PROD-018,2023-01-31 05:00:00,9,0.2,458.57
10727,CUST-045,PROD-014,2023-01-31 06:00:00,5,0.0,1631.85
10728,CUST-023,PROD-016,2023-01-31 07:00:00,5,0.2,$1859.92
10729,CUST-089,PROD-019,2023-01-31 08:00:00,5,0.0,1581.75
10730,CUST-097,PROD-017,2023-01-31 09:00:00,6,0.2,1935.7 EUR
10731,CUST-020,PROD-008,2023-01-31 10:00:00,6,0.1,2345.54
10732,CUST-044,PROD-001,2023-01-31 11:00:00,3,0.1,692.09
10733,CUST-041,PROD-018,2023-01-31 12:00:00,2,0.05,$121.01
10734,CUST-096,PROD-007,2023-01-31 13:00:00,9,0.0,1921.14
10735,CUST-039,PROD-001,2023-01-31 14:00:00,3,0.05,730.54
10736,CUST-070,PROD-019,2023-01-31 15:00:00,0,0.0,0.0 EUR
10737,CUST-012,PROD-012,2023-01-31 16:00:00,2,0.2,Check_Receipt
10738,CUST-024,PROD-018,2023-01-31 17:00:00,9,0.05,544.55
10739,CUST-067,PROD-004,2023-01-31 18:00:00,8,0.0,1442.72
10740,CUST-030,PROD-007,2023-01-31 19:00:00,5,0.1,$960.57
10741,CUST-034,PROD-005,2023-01-31 20:00:00,3,0.0,873.42
10742,CUST-062,PROD-002,2023-01-31 21:00:00,7,0.2,2454.42
10743,CUST-021,PROD-002,2023-01-31 22:00:00,8,0.1,3155.69
10744,CUST-053,PROD-001,2023-01-31 23:00:00,1,0.1,230.7
10745,CUST-067,PROD-014 ,2023-02-01 00:00:00,8,0.05,Check_Receipt
10746,CUST-004,PROD-010,2023-02-01 01:00:00,2,0.1,392.69
10747,CUST-042,PROD-002,,7,0.1,2761.23
10748,CUST-044,PROD-013,2023-02-01 03:00:00,5,0.0,$1641.6
10749,CUST-003,PROD-008,2023-02-01 04:00:00,3,0.0,1303.08
10750,CUST-081,PROD-004,2023-02-01 05:00:00,2,0.0,Check_Receipt
10751,CUST-099,PROD-012,2023-02-01 06:00:00,5,0.05,595.7
10752,CUST-020,PROD-011,2023-02-01 07:00:00,2,0.0,670.08
10753,CUST-015,PROD-014,2023-02-01 08:00:00,9,0.0,2937.33
10754,CUST-051,PROD-009,2023-02-01 09:00:00,2,0.1,494.62
10755,CUST-034,PROD-002,2023-02-01 10:00:00,6,0.2,2103.79
10756,CUST-055,PROD-016,2023-02-01 11:00:00,5,0.05,2208.66
10757,CUST-090,PROD-016,2023-02-01 12:00:00,7,0.1,2929.37
10758,CUST-057,PROD-006,2023-02-01 13:00:00,5,0.0,740.0
10759,CUST-029,PROD-013,2023-02-01 14:00:00,2,0.05,623.81
10760,CUST-020,PROD-002,2023-02-01 15:00:00,2,0.2,701.26
10761,CUST-088,PROD-009,2023-02-01 16:00:00,7,0.0,1923.53 EUR
10762,CUST-080,PROD-020,2023-02-01 17:00:00,9,0.1,3455.06
10763,CUST-080,PROD-001,2023-02-01 18:00:00,9,0.1,2076.27
10764,CUST-046,PROD-015,2023-02-01 19:00:00,7,0.1,2196.68
10765,CUST-080,PROD-003,2023-02-01 20:00:00,9,0.2,569.74
10766,CUST-045,PROD-012,2023-02-01 21:00:00,4,0.05,476.56
10767,CUST-014,PROD-007,2023-02-01 22:00:00,4,0.2,$683.07
10768,CUST-084,PROD-006,2023-02-01 23:00:00,7,0.05,984.2
10769,CUST-068,PROD-019,Invalid_Date,4,0.1,$1138.86
10770,CUST-999,PROD-006,2023-02-02 01:00:00,6,0.05,$843.6
10771,CUST-019,PROD-011,2023-02-02 02:00:00,2,0.0,670.08
10772,CUST-079,PROD-017,2023-02-02 03:00:00,5,0.05,1915.53 EUR
10773,CUST-089,PROD-002,2023-02-02 04:00:00,3,0.1,Check_Receipt
10774,CUST-077,PROD-007,2023-02-02 05:00:00,9,0.1,1729.03
10775,CUST-053,PROD-012,2023-02-02 06:00:00,7,0.2,702.3
10776,CUST-089,PROD-011,2023-02-02 07:00:00,8,0.2,2144.26
10777,CUST-087,PROD-017,2023-02-02 08:00:00,4,0.05,1532.43
10778,CUST-085,PROD-001,2023-02-02 09:00:00,7,0.05,Check_Receipt
10779,CUST-047,PROD-013,2023-02-02 10:00:00,4,0.1,1181.95
10780,CUST-088,PROD-019,2023-02-02 11:00:00,3,0.0,949.05
10781,CUST-023,PROD-004,2023-02-02 12:00:00,7,0.05,1199.26
10782,CUST-065,PROD-008,2023-02-02 13:00:00,5,0.05,2063.21
10783,CUST-028,PROD-004,2023-02-02 14:00:00,4,0.2,577.09
10784,CUST-015,PROD-007,2023-02-02 15:00:00,3,0.05,608.36
10785,CUST-080,PROD-020,2023-02-02 16:00:00,7,0.05,2836.56
10786,CUST-020,PROD-017,2023-02-02 17:00:00,7,0.0,2822.89 EUR
10787,CUST-095,PROD-006,2023-02-02 18:00:00,1,0.1,133.2
10788,CUST-013,PROD-004,2023-02-02 19:00:00,1,0.1,162.31
10789,CUST-026,PROD-018,2023-02-02 20:00:00,2,0.05,121.01
10790,CUST-066,PROD-017,2023-02-02 21:00:00,4,0.05,1532.43
10791,CUST-032,PROD-015,2023-02-02 22:00:00,8,0.2,2231.55
10792,CUST-022,PROD-017,2023-02-02 23:00:00,6,0.2,1935.7
10793,CUST-023,PROD-015,2023-02-03 00:00:00,7,0.2,1952.61
10794,CUST-047,PROD-015,2023-02-03 01:00:00,7,0.0,2440.76
10795,CUST-093,PROD-015,2023-02-03 02:00:00,4,0.2,1115.78
10796,CUST-043,PROD-011 ,2023-02-03 03:00:00,9,0.05,
10797,CUST-077,PROD-018,2023-02-03 04:00:00,7,0.0,445.83
10798,CUST-001,PROD-012,2023-02-03 05:00:00,6,0.0,752.46
10799,CUST-036,PROD-009,2023-02-03 06:00:00,4,0.2,879.33
10800,CUST-023,PROD-019,2023-02-03 07:00:00,2,0.2,506.16
10801,CUST-049,PROD-005,2023-02-03 08:00:00,2,0.0,582.28
10802,CUST-016,PROD-002,2023-02-03 09:00:00,8,0.2,2805.06
10803,CUST-022,PROD-003,2023-02-03 10:00:00,1,0.1,71.22
10804,CUST-076,PROD-003,2023-02-03 11:00:00,9,0.2,$569.74
10805,CUST-999,PROD-019,2023-02-03 12:00:00,7,0.2,1771.56
10806,CUST-027,PROD-005,2023-02-03 13:00:00,6,0.0,1746.84
10807,CUST-083,PROD-006,2023-02-03 14:00:00,1,0.1,133.2
10808,CUST-056,PROD-002,2023-02-03 15:00:00,6,0.05,2498.25
10809,CUST-093,PROD-015,2023-02-03 16:00:00,1,0.1,313.81
10810,CUST-001,PROD-011,2023-02-03 17:00:00,2,0.2,536.06
10811,CUST-077,PROD-019,2023-02-03 18:00:00,3,0.0,Check_Receipt
10812,CUST-015,PROD-014,2023-02-03 19:00:00,5,0.1,1468.66
10813,CUST-087,PROD-011,2023-02-03 20:00:00,3,0.05,954.86
10814,CUST-026,PROD-019,2023-02-03 21:00:00,7,0.05,2103.73
10815,CUST-045,PROD-020,2023-02-03 22:00:00,6,0.05,2431.34
10816,CUST-031,PROD-017,2023-02-03 23:00:00,8,0.0,$3226.16
10817,CUST-065,PROD-015,2023-02-04 00:00:00,3,0.05,Check_Receipt
10818,CUST-003,PROD-003,2023-02-04 01:00:00,7,0.0,553.91 EUR
10819,CUST-056,PROD-001,2023-02-04 02:00:00,4,0.2,820.26 EUR
10820,CUST-097,PROD-015,2023-02-04 03:00:00,7,0.2,1952.61
10821,CUST-077,PROD-014,2023-02-04 04:00:00,3,0.2,783.29
10822,CUST-068,PROD-005,2023-02-04 05:00:00,2,0.1,524.05
10823,CUST-002,PROD-013,2023-02-04 06:00:00,8,0.2,2101.25
10824,CUST-029,PROD-001,2023-02-04 07:00:00,8,0.05,1948.11
10825,CUST-100,PROD-017,2023-02-04 08:00:00,8,0.0,3226.16
10826,CUST-091,PROD-016,2023-02-04 09:00:00,4,0.1,1673.93
10827,CUST-005,PROD-002,2023-02-04 10:00:00,6,0.1,2366.77
10828,CUST-086,PROD-020,2023-02-04 11:00:00,7,0.2,$2388.68
10829,CUST-084,PROD-001 ,2023-02-04 12:00:00,2,0.1,
10830,CUST-082,PROD-014,2023-02-04 13:00:00,7,0.0,2284.59 EUR
10831,CUST-062,PROD-006,2023-02-04 14:00:00,6,0.0,888.0
10832,CUST-012,PROD-002,2023-02-04 15:00:00,9,0.0,3944.61
10833,CUST-041,PROD-011,2023-02-04 16:00:00,6,0.2,Check_Receipt
10834,CUST-089,PROD-012,2023-02-04 17:00:00,5,0.2,501.64
10835,CUST-098,PROD-005,2023-02-04 18:00:00,3,0.05,829.75
10836,CUST-090,PROD-018,2023-02-04 19:00:00,-2,0.0,-127.38 EUR
10837,CUST-099,PROD-015,2033-02-01 20:00:00,3,0.2,836.83
10838,CUST-076,PROD-001,2023-02-04 21:00:00,3,0.2,615.19
10839,CUST-038,PROD-017,2023-02-04 22:00:00,9,0.1,3266.49
10840,CUST-027,PROD-007,2023-02-04 23:00:00,9,0.2,1536.91
10841,CUST-039,PROD-005,2023-02-05 00:00:00,1,0.0,291.14
10842,CUST-062,PROD-002,2023-02-05 01:00:00,5,0.2,1753.16
10843,CUST-072,PROD-013,2023-02-05 02:00:00,5,0.1,1477.44
10844,CUST-016,PROD-018,2023-02-05 03:00:00,8,0.05,$484.04
10845,CUST-019,PROD-001,2023-02-05 04:00:00,9,0.2,1845.58
10846,CUST-017,PROD-004,2023-02-05 05:00:00,0,0.2,0.0
10847,CUST-999,PROD-012,2023-02-05 06:00:00,6,0.05,714.84
10848,CUST-075,PROD-008,2023-02-05 07:00:00,8,0.05,3301.14
10849,CUST-099,PROD-012,2023-02-05 08:00:00,5,0.2,501.64
10850,CUST-999,PROD-010 ,2023-02-05 09:00:00,3,0.05,
10851,CUST-067,PROD-006,2023-02-05 10:00:00,2,0.0,296.0
10852,CUST-018,PROD-001,2023-02-05 11:00:00,4,0.2,$820.26 EUR
10853,CUST-100,PROD-004,2023-02-05 12:00:00,-1,0.05,-171.32
10854,CUST-023,PROD-015,2023-02-05 13:00:00,9,0.05,2981.21 EUR
10855,CUST-023,PROD-004,2023-02-05 14:00:00,7,0.05,1199.26
10856,CUST-003,PROD-018,2023-02-05 15:00:00,3,0.2,Check_Receipt
10857,CUST-005,PROD-011,2023-02-05 16:00:00,6,0.2,1608.19 EUR
10858,CUST-030,PROD-013,2023-02-05 17:00:00,7,0.1,$2068.42
10859,CUST-022,PROD-002,2023-02-05 18:00:00,8,0.05,$3331.0
10860,CUST-048,PROD-015,2023-02-05 19:00:00,1,0.1,313.81
10861,CUST-016,PROD-002,2023-02-05 20:00:00,9,0.05,3747.38
10862,CUST-016,PROD-018,2023-02-05 21:00:00,5,0.1,286.6
10863,CUST-098,PROD-011,2023-02-05 22:00:00,7,0.2,1876.22 EUR
10864,CUST-046,PROD-013,2023-02-05 23:00:00,2,0.05,623.81
10865,CUST-097,PROD-004,2023-02-06 00:00:00,6,0.05,$1027.94 EUR
10866,CUST-006,PROD-004,2023-02-06 01:00:00,3,0.1,$486.92 EUR
10867,CUST-049,PROD-006,2023-02-06 02:00:00,7,0.0,1036.0
10868,CUST-046,PROD-001,2023-02-06 03:00:00,4,0.1,922.79
10869,CUST-076,PROD-001,2023-02-06 04:00:00,1,0.2,205.06
10870,CUST-060,PROD-001,2023-02-06 05:00:00,2,0.05,$487.03 EUR
10871,CUST-037,PROD-013,2023-02-06 06:00:00,4,0.2,1050.62
10872,CUST-046,PROD-005 ,2023-02-06 07:00:00,2,0.05,
10873,CUST-039,PROD-004,2023-02-06 08:00:00,9,0.1,$1460.75 EUR
10874,CUST-019,PROD-020,2023-02-06 09:00:00,8,0.0,3412.4
10875,CUST-999,PROD-007,2023-02-06 10:00:00,9,0.2,$1536.91
10876,CUST-093,PROD-002,2023-02-06 11:00:00,1,0.1,$394.46
10877,CUST-090,PROD-013,2023-02-06 12:00:00,7,0.1,2068.42
10878,CUST-060,PROD-016,2023-02-06 13:00:00,2,0.0,929.96
10879,CUST-016,PROD-016,2023-02-06 14:00:00,9,0.0,4184.82
10880,CUST-073,PROD-016,2023-02-06 15:00:00,1,0.1,418.48
10881,CUST-088,PROD-007,2023-02-06 16:00:00,4,0.1,768.46
10882,CUST-027,PROD-008,2023-02-06 17:00:00,9,0.2,$3127.39
10883,CUST-015,PROD-009,2023-02-06 18:00:00,9,0.05,2349.45
10884,CUST-097,PROD-006,2023-02-06 19:00:00,2,0.0,296.0
10885,CUST-075,PROD-013,2023-02-06 20:00:00,7,0.1,2068.42
10886,CUST-079,PROD-016,2023-02-06 21:00:00,5,0.05,2208.66 EUR
10887,CUST-042,PROD-011,2023-02-06 22:00:00,3,0.05,954.86
10888,CUST-042,PROD-009,2023-02-06 23:00:00,5,0.1,1236.56
10889,CUST-086,PROD-001,2023-02-07 00:00:00,1,0.2,205.06
10890,CUST-028,PROD-020,2023-02-07 01:00:00,8,0.0,3412.4 EUR
10891,CUST-058,PROD-001,2023-02-07 02:00:00,6,0.0,1537.98
10892,CUST-034,PROD-001,2023-02-07 03:00:00,6,0.2,$1230.38
10893,CUST-058,PROD-017,2023-02-07 04:00:00,7,0.0,2822.89
10894,CUST-055,PROD-003,2023-02-07 05:00:00,1,0.0,79.13
10895,CUST-047,PROD-010,2023-02-07 06:00:00,4,0.0,872.64
10896,CUST-080,PROD-013,2023-02-07 07:00:00,9,0.1,Check_Receipt
10897,CUST-034,PROD-019,2023-02-07 08:00:00,4,0.05,$1202.13
10898,CUST-043,PROD-017,2023-02-07 09:00:00,4,0.05,1532.43
10899,CUST-009,PROD-017,2023-02-07 10:00:00,4,0.0,$1613.08
10900,CUST-029,PROD-018,2023-02-07 11:00:00,4,0.0,254.76
10901,CUST-035,PROD-015,2023-02-07 12:00:00,3,0.0,1046.04 EUR
10902,CUST-068,PROD-015,2023-02-07 13:00:00,3,0.0,1046.04
10903,CUST-059,PROD-010,2023-02-07 14:00:00,6,0.2,1047.17
10904,CUST-005,PROD-012,2023-02-07 15:00:00,3,0.2,300.98
10905,CUST-039,PROD-015,2023-02-07 16:00:00,3,0.0,1046.04
10906,CUST-040,PROD-008,2033-02-04 17:00:00,7,0.1,2736.47
10907,CUST-019,PROD-017,2023-02-07 18:00:00,1,0.05,$383.11 EUR
10908,CUST-045,PROD-013,2023-02-07 19:00:00,7,0.2,1838.59
10909,CUST-068,PROD-008,2023-02-07 20:00:00,7,0.1,2736.47 EUR
10910,CUST-097,PROD-011,2023-02-07 21:00:00,8,0.0,2680.32
10911,CUST-022,PROD-019,2023-02-07 22:00:00,2,0.05,$601.07
10912,CUST-086,PROD-005,2023-02-07 23:00:00,9,0.1,2358.23
10913,CUST-040,PROD-001,2023-02-08 00:00:00,3,0.0,768.99
10914,CUST-042,PROD-006,2023-02-08 01:00:00,2,0.05,281.2
10915,CUST-019,PROD-015,2023-02-08 02:00:00,2,0.0,697.36
10916,CUST-073,PROD-018,2023-02-08 03:00:00,2,0.05,121.01
10917,CUST-007,PROD-008,2023-02-08 04:00:00,9,0.05,3713.78
10918,CUST-090,PROD-005,2023-02-08 05:00:00,2,0.0,582.28
10919,CUST-057,PROD-013,2023-02-08 06:00:00,9,0.1,Check_Receipt
10920,CUST-095,PROD-003,2023-02-08 07:00:00,4,0.1,$284.87
10921,CUST-012,PROD-013,2023-02-08 08:00:00,6,0.2,1575.94
10922,CUST-086,PROD-018,2023-02-08 09:00:00,4,0.0,254.76
10923,CUST-039,PROD-004,2023-02-08 10:00:00,5,0.05,Check_Receipt
10924,CUST-091,PROD-015,2023-02-08 11:00:00,4,0.05,$1324.98
10925,CUST-089,PROD-010,2023-02-08 12:00:00,4,0.0,872.64 EUR
10926,CUST-019,PROD-019,2023-02-08 13:00:00,7,0.0,2214.45
10927,CUST-061,PROD-010,2023-02-08 14:00:00,4,0.05,$829.01 EUR
10928,CUST-027,PROD-014,2023-02-08 15:00:00,4,0.2,1044.38
10929,CUST-049,PROD-011 ,2023-02-08 16:00:00,2,0.05,
10930,CUST-001,PROD-010,2023-02-08 17:00:00,5,0.2,$872.64
10931,CUST-045,PROD-015,2023-02-08 18:00:00,8,0.2,2231.55
10932,CUST-051,PROD-013,2033-02-05 19:00:00,7,0.05,2183.33
10933,CUST-015,PROD-014,2023-02-08 20:00:00,7,0.2,1827.67
10934,CUST-100,PROD-014,2023-02-08 21:00:00,7,0.05,2170.36
10935,CUST-095,PROD-016,2023-02-08 22:00:00,4,0.05,1766.92
10936,CUST-064,PROD-004,2023-02-08 23:00:00,4,0.05,685.29
10937,CUST-024,PROD-019,2023-02-09 00:00:00,7,0.1,1993.01
10938,CUST-012,PROD-002,2023-02-09 01:00:00,9,0.1,3550.15
10939,CUST-044,PROD-014,2023-02-09 02:00:00,9,0.05,2790.46
10940,CUST-011,PROD-002,Invalid_Date,5,0.05,2081.88 EUR
10941,CUST-038,PROD-008,2023-02-09 04:00:00,7,0.0,3040.52
10942,CUST-016,PROD-011 ,2023-02-09 05:00:00,7,0.1,
10943,CUST-027,PROD-001,2023-02-09 06:00:00,2,0.05,487.03
10944,CUST-029,PROD-002 ,2023-02-09 07:00:00,7,0.0,
10945,CUST-037,PROD-010,2023-02-09 08:00:00,3,0.0,$654.48
10946,CUST-020,PROD-019,2023-02-09 09:00:00,8,0.1,2277.72
10947,CUST-088,PROD-013,2023-02-09 10:00:00,3,0.05,$935.71
10948,CUST-081,PROD-014,2023-02-09 11:00:00,5,0.05,$1550.26
10949,CUST-045,PROD-011,2023-02-09 12:00:00,4,0.05,1273.15
10950,CUST-044,PROD-004,2023-02-09 13:00:00,3,0.2,432.82
10951,CUST-025,PROD-014,2023-02-09 14:00:00,2,0.05,620.1 EUR
10952,CUST-096,PROD-017,2023-02-09 15:00:00,5,0.05,1915.53
10953,CUST-015,PROD-003,2023-02-09 16:00:00,6,0.2,379.82
10954,CUST-015,PROD-017,2023-02-09 17:00:00,8,0.0,3226.16
10955,CUST-079,PROD-017,2023-02-09 18:00:00,7,0.05,2681.75
10956,CUST-022,PROD-016,2023-02-09 19:00:00,9,0.0,$4184.82
10957,CUST-046,PROD-018,2023-02-09 20:00:00,3,0.05,181.52
10958,CUST-999,PROD-009,2023-02-09 21:00:00,9,0.2,1978.49
10959,CUST-009,PROD-004,2023-02-09 22:00:00,8,0.05,1370.58
10960,CUST-045,PROD-002,2023-02-09 23:00:00,-1,0.0,$-438.29
10961,CUST-041,PROD-008,2023-02-10 00:00:00,7,0.1,2736.47
10962,CUST-071,PROD-007,2023-02-10 01:00:00,9,0.0,1921.14
10963,CUST-046,PROD-016,2023-02-10 02:00:00,8,0.0,3719.84
10964,CUST-055,PROD-001,2023-02-10 03:00:00,8,0.05,1948.11
10965,CUST-002,PROD-003,2023-02-10 04:00:00,1,0.1,71.22
10966,CUST-014,PROD-016,2023-02-10 05:00:00,5,0.05,2208.66
10967,CUST-999,PROD-019,2023-02-10 06:00:00,5,0.2,1265.4
10968,CUST-099,PROD-016,2023-02-10 07:00:00,4,0.1,$1673.93
10969,CUST-031,PROD-020,2023-02-10 08:00:00,7,0.2,$2388.68
10970,CUST-096,PROD-007,2023-02-10 09:00:00,7,0.05,$1419.51
10971,CUST-096,PROD-018,2023-02-10 10:00:00,7,0.2,$356.66
10972,CUST-032,PROD-002,2023-02-10 11:00:00,3,0.05,1249.13
10973,CUST-085,PROD-018,2023-02-10 12:00:00,9,0.05,544.55
10974,CUST-020,PROD-016,2023-02-10 13:00:00,8,0.1,3347.86
10975,CUST-076,PROD-004,2023-02-10 14:00:00,6,0.2,865.63
10976,CUST-046,PROD-019,2023-02-10 15:00:00,1,0.05,300.53
10977,CUST-023,PROD-002,2033-02-07 16:00:00,0,0.1,$0.0 EUR
10978,CUST-086,PROD-018,2023-02-10 17:00:00,1,0.05,60.51
10979,CUST-085,PROD-017,2023-02-10 18:00:00,7,0.05,2681.75
10980,CUST-091,PROD-013,2023-02-10 19:00:00,8,0.0,2626.56
10981,CUST-002,PROD-012,2023-02-10 20:00:00,5,0.0,627.05
10982,CUST-055,PROD-019,2023-02-10 21:00:00,2,0.05,601.07
10983,CUST-021,PROD-018,2023-02-10 22:00:00,3,0.1,$171.96
10984,CUST-039,PROD-013,2023-02-10 23:00:00,8,0.2,2101.25
10985,CUST-005,PROD-001,2023-02-11 00:00:00,0,0.05,0.0
10986,CUST-028,PROD-009,2023-02-11 01:00:00,2,0.05,522.1
10987,CUST-061,PROD-018,2023-02-11 02:00:00,4,0.2,203.81
10988,CUST-100,PROD-010,2023-02-11 03:00:00,8,0.0,1745.28
10989,CUST-052,PROD-014,2023-02-11 04:00:00,6,0.05,1860.31 EUR
10990,CUST-049,PROD-015,2023-02-11 05:00:00,3,0.2,836.83
10991,CUST-062,PROD-017,2023-02-11 06:00:00,2,0.0,$806.54
10992,CUST-055,PROD-008,2023-02-11 07:00:00,1,0.1,390.92
10993,CUST-044,PROD-015,2023-02-11 08:00:00,6,0.05,$1987.48
10994,CUST-078,PROD-008,2023-02-11 09:00:00,2,0.0,868.72
10995,CUST-054,PROD-012,2023-02-11 10:00:00,9,0.05,1072.26
10996,CUST-053,PROD-018,2023-02-11 11:00:00,6,0.1,343.93
10997,CUST-084,PROD-020,2023-02-11 12:00:00,9,0.2,$3071.16
10998,CUST-028,PROD-009,2023-02-11 13:00:00,1,0.2,$219.83
10999,CUST-001,PROD-001,2023-02-11 14:00:00,6,0.05,1461.08
11000,CUST-004,PROD-016,2023-02-11 15:00:00,7,0.1,2929.37
